"Date","Price","Open","High","Low","Vol.","Change %"
"Feb 17, 2022","4.12","4.11","4.12","4.09","7.78","0.00%"
"Feb 16, 2022","4.12","4.11","4.12","4.08","12.83","0.49%"
"Feb 15, 2022","4.10","4.08","4.11","4.05","11.29","0.24%"
"Feb 14, 2022","4.09","4.07","4.10","4.03","12.35","-0.73%"
"Feb 11, 2022","4.12","4.06","4.12","4.06","9.96","1.48%"
"Feb 10, 2022","4.06","4.08","4.08","4.05","14.27","-0.25%"
"Feb 09, 2022","4.07","4.07","4.08","4.06","12.68","0.25%"
"Feb 08, 2022","4.06","4.06","4.08","4.05","10.75","-0.25%"
"Feb 07, 2022","4.07","4.12","4.12","4.06","15.73","-1.21%"
"Feb 04, 2022","4.12","4.11","4.12","4.08","9.01","0.00%"
"Feb 03, 2022","4.12","4.13","4.13","4.10","8.09","-0.24%"
"Feb 02, 2022","4.13","4.10","4.14","4.10","8.43","0.73%"
"Feb 01, 2022","4.10","4.17","4.17","4.10","10.05","-0.73%"
"Jan 31, 2022","4.13","4.11","4.15","4.11","9.23","0.49%"
"Jan 28, 2022","4.11","4.09","4.13","4.09","8.21","0.49%"
"Jan 27, 2022","4.09","4.11","4.12","4.08","9.59","-0.49%"
"Jan 26, 2022","4.11","4.12","4.14","4.11","9.17","0.00%"
"Jan 25, 2022","4.11","4.13","4.14","4.10","10.74","-0.72%"
"Jan 24, 2022","4.14","4.16","4.16","4.12","13.66","-0.72%"
"Jan 21, 2022","4.17","4.17","4.18","4.16","8.83","-0.24%"
"Jan 20, 2022","4.18","4.18","4.19","4.17","9.16","0.00%"
"Jan 19, 2022","4.18","4.19","4.19","4.17","8.32","-0.24%"
"Jan 18, 2022","4.19","4.19","4.20","4.18","8.22","0.00%"
"Jan 17, 2022","4.19","4.22","4.22","4.17","13.96","-0.71%"
"Jan 14, 2022","4.22","4.23","4.24","4.21","11.47","-0.47%"
"Jan 13, 2022","4.24","4.20","4.24","4.19","11.76","0.47%"
"Jan 12, 2022","4.22","4.18","4.22","4.15","13.81","0.96%"
"Jan 11, 2022","4.18","4.20","4.20","4.15","9.60","-0.24%"
"Jan 10, 2022","4.19","4.19","4.19","4.16","10.19","0.00%"
"Jan 07, 2022","4.19","4.17","4.19","4.15","9.52","0.48%"
"Jan 06, 2022","4.17","4.20","4.20","4.15","10.53","-0.48%"
"Jan 05, 2022","4.19","4.22","4.22","4.19","11.69","-0.71%"
"Jan 04, 2022","4.22","4.23","4.24","4.21","9.01","-0.24%"
"Jan 03, 2022","4.23","4.26","4.26","4.21","8.86","-0.94%"
"Dec 30, 2021","4.27","4.21","4.27","4.21","10.05","0.47%"
"Dec 29, 2021","4.25","4.24","4.25","4.22","11.12","0.47%"
"Dec 28, 2021","4.23","4.22","4.23","4.20","10.81","0.00%"
"Dec 27, 2021","4.23","4.21","4.23","4.20","12.85","0.71%"
"Dec 26, 2021","4.20","4.24","4.24","4.20","7.62","-0.94%"
"Dec 23, 2021","4.24","4.24","4.24","4.20","13.60","0.00%"
"Dec 22, 2021","4.24","4.22","4.24","4.20","13.30","0.71%"
"Dec 21, 2021","4.21","4.23","4.23","4.19","10.00","-0.71%"
"Dec 20, 2021","4.24","4.19","4.24","4.16","10.04","0.71%"
"Dec 19, 2021","4.21","4.26","4.26","4.17","10.41","-1.17%"
"Dec 16, 2021","4.26","4.23","4.26","4.21","12.79","0.47%"
"Dec 15, 2021","4.24","4.26","4.26","4.22","8.21","-0.47%"
"Dec 14, 2021","4.26","4.22","4.26","4.21","11.15","1.43%"
"Dec 13, 2021","4.20","4.24","4.26","4.20","13.23","-0.94%"
"Dec 12, 2021","4.24","4.25","4.25","4.23","11.51","-0.24%"
"Dec 09, 2021","4.25","4.20","4.26","4.19","15.67","0.95%"
"Dec 08, 2021","4.21","4.20","4.21","4.18","11.21","0.48%"
"Dec 07, 2021","4.19","4.23","4.25","4.19","15.58","-0.95%"
"Dec 06, 2021","4.23","4.20","4.25","4.18","20.41","0.48%"
"Dec 05, 2021","4.21","4.20","4.21","4.14","14.32","1.69%"
"Nov 30, 2021","4.14","4.19","4.21","4.14","36.88","-1.90%"
"Nov 29, 2021","4.22","4.13","4.22","4.13","10.60","2.93%"
"Nov 28, 2021","4.10","3.85","4.10","3.85","10.50","-2.15%"
"Nov 25, 2021","4.19","4.19","4.22","4.17","13.52","0.00%"
"Nov 24, 2021","4.19","4.19","4.22","4.18","10.96","0.48%"
"Nov 23, 2021","4.17","4.23","4.23","4.16","13.22","-1.42%"
"Nov 22, 2021","4.23","4.20","4.23","4.19","10.49","0.71%"
"Nov 21, 2021","4.20","4.22","4.22","4.19","9.74","-0.71%"
"Nov 18, 2021","4.23","4.19","4.23","4.19","13.71","0.24%"
"Nov 17, 2021","4.22","4.22","4.22","4.18","10.86","0.48%"
"Nov 16, 2021","4.20","4.23","4.23","4.18","11.55","-0.71%"
"Nov 15, 2021","4.23","4.29","4.29","4.18","15.10","-0.70%"
"Nov 14, 2021","4.26","4.28","4.28","4.25","8.66","-0.47%"
"Nov 11, 2021","4.28","4.29","4.29","4.26","11.24","-0.23%"
"Nov 10, 2021","4.29","4.30","4.30","4.25","11.18","-0.23%"
"Nov 09, 2021","4.30","4.25","4.30","4.22","11.08","0.94%"
"Nov 08, 2021","4.26","4.27","4.28","4.24","11.70","-0.47%"
"Nov 07, 2021","4.28","4.28","4.30","4.27","8.19","0.00%"
"Nov 04, 2021","4.28","4.30","4.33","4.27","15.34","-0.47%"
"Nov 03, 2021","4.30","4.29","4.30","4.28","14.94","0.00%"
"Nov 02, 2021","4.30","4.30","4.31","4.28","13.99","-0.46%"
"Nov 01, 2021","4.32","4.29","4.32","4.27","12.63","0.70%"
"Oct 31, 2021","4.29","4.26","4.31","4.26","10.16","0.23%"
"Oct 28, 2021","4.28","4.26","4.29","4.26","8.12","0.47%"
"Oct 27, 2021","4.26","4.27","4.27","4.25","8.32","-0.23%"
"Oct 26, 2021","4.27","4.23","4.30","4.23","11.14","1.43%"
"Oct 25, 2021","4.21","4.23","4.24","4.21","8.43","-0.94%"
"Oct 24, 2021","4.25","4.20","4.25","4.20","12.25","1.43%"
"Oct 20, 2021","4.19","4.20","4.22","4.19","7.02","0.00%"
"Oct 19, 2021","4.19","4.21","4.21","4.17","3.78","-0.48%"
"Oct 18, 2021","4.21","4.21","4.22","4.19","5.28","0.00%"
"Oct 17, 2021","4.21","4.22","4.22","4.17","12.10","0.00%"
"Oct 14, 2021","4.21","4.25","4.25","4.21","10.00","-1.17%"
"Oct 13, 2021","4.26","4.29","4.29","4.25","8.03","-0.70%"
"Oct 12, 2021","4.29","4.31","4.34","4.28","13.81","-0.23%"
"Oct 11, 2021","4.30","4.27","4.33","4.23","16.07","0.70%"
"Oct 10, 2021","4.27","4.21","4.27","4.20","16.25","1.67%"
"Oct 07, 2021","4.20","4.22","4.24","4.15","12.42","-1.64%"
"Oct 06, 2021","4.27","4.34","4.34","4.27","17.65","-1.84%"
"Oct 05, 2021","4.35","4.25","4.35","4.23","19.75","2.11%"
"Oct 04, 2021","4.26","4.23","4.27","4.19","26.58","1.19%"
"Oct 03, 2021","4.21","4.20","4.24","4.16","21.49","1.20%"
"Sep 30, 2021","4.16","4.19","4.19","4.16","13.35","-0.95%"
"Sep 29, 2021","4.20","4.16","4.20","4.14","14.26","0.24%"
"Sep 28, 2021","4.19","4.20","4.20","4.16","10.19","-0.24%"
"Sep 27, 2021","4.20","4.17","4.23","4.17","20.26","0.72%"
"Sep 26, 2021","4.17","4.25","4.26","4.17","15.48","-1.88%"
"Sep 23, 2021","4.25","4.30","4.31","4.23","20.36","-1.16%"
"Sep 22, 2021","4.30","4.30","4.32","4.27","9.28","0.23%"
"Sep 21, 2021","4.29","4.33","4.33","4.28","12.27","-0.69%"
"Sep 20, 2021","4.32","4.37","4.37","4.30","12.96","-1.37%"
"Sep 19, 2021","4.38","4.42","4.45","4.38","10.02","-0.90%"
"Sep 16, 2021","4.42","4.41","4.43","4.38","106.66","0.23%"
"Sep 15, 2021","4.41","4.36","4.43","4.36","21.16","0.68%"
"Sep 14, 2021","4.38","4.38","4.40","4.35","23.03","0.23%"
"Sep 13, 2021","4.37","4.45","4.45","4.35","20.88","-1.80%"
"Sep 12, 2021","4.45","4.46","4.47","4.44","11.14","0.00%"
"Sep 09, 2021","4.45","4.46","4.48","4.43","18.93","-0.22%"
"Sep 08, 2021","4.46","4.48","4.49","4.46","15.14","-0.67%"
"Sep 07, 2021","4.49","4.48","4.51","4.47","17.00","0.00%"
"Sep 06, 2021","4.49","4.49","4.51","4.48","21.53","0.22%"
"Sep 05, 2021","4.48","4.48","4.49","4.47","16.33","0.00%"
"Sep 02, 2021","4.48","4.50","4.50","4.47","28.12","-0.44%"
"Sep 01, 2021","4.50","4.50","4.51","4.48","13.58","-0.44%"
"Aug 31, 2021","4.52","4.50","4.52","4.47","26.94","0.44%"
"Aug 30, 2021","4.50","4.48","4.53","4.48","17.19","0.00%"
"Aug 29, 2021","4.50","4.50","4.53","4.48","14.00","0.22%"
"Aug 26, 2021","4.49","4.54","4.54","4.47","16.76","-1.10%"
"Aug 25, 2021","4.54","4.58","4.58","4.49","14.29","-0.66%"
"Aug 24, 2021","4.57","4.58","4.61","4.55","13.85","0.00%"
"Aug 23, 2021","4.57","4.57","4.63","4.57","18.19","0.22%"
"Aug 22, 2021","4.56","4.47","4.58","4.47","11.12","1.79%"
"Aug 19, 2021","4.48","4.52","4.55","4.45","10.97","-1.54%"
"Aug 18, 2021","4.55","4.50","4.57","4.50","11.09","1.34%"
"Aug 17, 2021","4.49","4.38","4.49","4.36","17.88","2.51%"
"Aug 16, 2021","4.38","4.35","4.38","4.35","8.54","0.23%"
"Aug 15, 2021","4.37","4.37","4.37","4.35","2.36","-0.23%"
"Aug 11, 2021","4.38","4.39","4.40","4.37","8.41","-0.23%"
"Aug 10, 2021","4.39","4.38","4.43","4.37","13.29","0.23%"
"Aug 09, 2021","4.38","4.36","4.38","4.34","5.40","0.69%"
"Aug 08, 2021","4.35","4.38","4.38","4.35","4.82","-0.68%"
"Aug 05, 2021","4.38","4.38","4.38","4.35","5.04","0.00%"
"Aug 04, 2021","4.38","4.38","4.39","4.35","5.92","0.00%"
"Aug 03, 2021","4.38","4.36","4.38","4.35","7.02","0.69%"
"Aug 02, 2021","4.35","4.36","4.37","4.34","6.80","-0.23%"
"Aug 01, 2021","4.36","4.37","4.38","4.35","5.28","0.00%"
"Jul 29, 2021","4.36","4.37","4.37","4.32","7.25","0.69%"
"Jul 28, 2021","4.33","4.33","4.36","4.32","5.20","-0.46%"
"Jul 27, 2021","4.35","4.35","4.39","4.33","8.40","-0.46%"
"Jul 26, 2021","4.37","4.33","4.37","4.32","6.63","0.92%"
"Jul 25, 2021","4.33","4.36","4.36","4.30","4.10","0.46%"
"Jul 18, 2021","4.31","4.35","4.35","4.31","4.62","-0.23%"
"Jul 15, 2021","4.32","4.38","4.38","4.31","9.05","-0.23%"
"Jul 14, 2021","4.33","4.40","4.40","4.33","7.70","-1.59%"
"Jul 13, 2021","4.40","4.36","4.40","4.35","7.51","0.46%"
"Jul 12, 2021","4.38","4.33","4.38","4.33","6.68","0.92%"
"Jul 11, 2021","4.34","4.37","4.37","4.34","3.83","-0.91%"
"Jul 08, 2021","4.38","4.39","4.39","4.35","9.70","-0.23%"
"Jul 07, 2021","4.39","4.38","4.39","4.34","5.80","0.23%"
"Jul 06, 2021","4.38","4.39","4.39","4.36","5.32","-0.23%"
"Jul 05, 2021","4.39","4.37","4.40","4.22","16.20","0.00%"
"Jul 04, 2021","4.39","4.34","4.41","4.34","17.63","1.15%"
"Jul 01, 2021","4.34","4.33","4.37","4.31","9.90","0.23%"
"Jun 30, 2021","4.33","4.27","4.33","4.27","12.79","0.70%"
"Jun 29, 2021","4.30","4.25","4.30","4.22","6.51","0.70%"
"Jun 28, 2021","4.27","4.28","4.30","4.25","6.70","-0.47%"
"Jun 27, 2021","4.29","4.25","4.30","4.25","8.85","1.42%"
"Jun 24, 2021","4.23","4.28","4.28","4.22","6.44","-1.40%"
"Jun 23, 2021","4.29","4.33","4.33","4.28","9.53","-0.92%"
"Jun 22, 2021","4.33","4.33","4.33","4.31","7.21","0.23%"
"Jun 21, 2021","4.32","4.36","4.37","4.32","6.16","-0.92%"
"Jun 20, 2021","4.36","4.39","4.39","4.36","5.93","-0.68%"
"Jun 17, 2021","4.39","4.33","4.39","4.32","16.12","0.92%"
"Jun 16, 2021","4.35","4.39","4.39","4.32","19.59","-0.91%"
"Jun 15, 2021","4.39","4.40","4.41","4.38","12.43","-0.23%"
"Jun 14, 2021","4.40","4.42","4.44","4.38","12.78","0.23%"
"Jun 13, 2021","4.39","4.41","4.41","4.37","5.48","-0.23%"
"Jun 10, 2021","4.40","4.44","4.44","4.38","6.90","-0.45%"
"Jun 09, 2021","4.42","4.37","4.44","4.37","19.22","1.38%"
"Jun 08, 2021","4.36","4.37","4.37","4.35","12.44","0.00%"
"Jun 07, 2021","4.36","4.36","4.37","4.34","9.14","0.23%"
"Jun 06, 2021","4.35","4.33","4.38","4.30","12.40","0.69%"
"Jun 03, 2021","4.32","4.35","4.35","4.29","12.10","-0.23%"
"Jun 02, 2021","4.33","4.41","4.41","4.24","23.23","-1.37%"
"Jun 01, 2021","4.39","4.10","4.40","4.08","55.30","10.03%"
"May 31, 2021","3.99","4.17","4.17","3.90","64.48","-2.44%"
"May 30, 2021","4.09","4.46","4.50","4.08","54.75","-8.09%"
"May 27, 2021","4.45","4.65","4.70","4.40","631.80","-8.25%"
"May 26, 2021","4.85","4.90","4.90","4.82","16.25","-1.02%"
"May 25, 2021","4.90","4.93","4.94","4.89","28.18","-0.61%"
"May 24, 2021","4.93","4.92","4.95","4.90","29.67","0.00%"
"May 23, 2021","4.93","4.86","4.94","4.85","29.85","1.86%"
"May 20, 2021","4.84","4.81","4.87","4.80","38.89","0.62%"
"May 19, 2021","4.81","4.81","4.82","4.78","40.04","-0.21%"
"May 18, 2021","4.82","4.80","4.84","4.79","39.68","-0.21%"
"May 17, 2021","4.83","4.91","4.93","4.80","52.77","-1.43%"
"May 16, 2021","4.90","5.00","5.01","4.89","57.46","0.41%"
"May 10, 2021","4.88","4.76","5.01","4.74","36.61","2.74%"
"May 09, 2021","4.75","4.75","4.82","4.72","25.47","0.21%"
"May 06, 2021","4.74","4.64","4.74","4.63","30.27","2.38%"
"May 05, 2021","4.63","4.65","4.65","4.57","22.71","0.65%"
"May 04, 2021","4.60","4.55","4.62","4.55","41.36","1.10%"
"May 03, 2021","4.55","4.55","4.58","4.54","22.80","-0.44%"
"May 02, 2021","4.57","4.54","4.57","4.54","18.44","0.88%"
"Apr 29, 2021","4.53","4.53","4.57","4.51","22.19","0.22%"
"Apr 28, 2021","4.52","4.54","4.55","4.52","14.62","-0.66%"
"Apr 27, 2021","4.55","4.57","4.60","4.54","18.62","-0.22%"
"Apr 26, 2021","4.56","4.57","4.57","4.55","17.78","-0.44%"
"Apr 25, 2021","4.58","4.57","4.60","4.57","18.07","0.44%"
"Apr 22, 2021","4.56","4.47","4.56","4.47","21.20","1.33%"
"Apr 21, 2021","4.50","4.44","4.50","4.44","20.38","1.12%"
"Apr 20, 2021","4.45","4.43","4.45","4.43","19.04","0.00%"
"Apr 19, 2021","4.45","4.46","4.46","4.41","16.45","0.00%"
"Apr 18, 2021","4.45","4.46","4.49","4.42","28.13","-0.22%"
"Apr 15, 2021","4.46","4.44","4.46","4.41","27.24","0.45%"
"Apr 14, 2021","4.44","4.41","4.44","4.40","27.79","0.45%"
"Apr 13, 2021","4.42","4.39","4.44","4.39","29.94","0.45%"
"Apr 12, 2021","4.40","4.39","4.43","4.39","15.07","0.23%"
"Apr 11, 2021","4.39","4.45","4.45","4.39","15.26","-0.23%"
"Apr 08, 2021","4.40","4.42","4.57","4.37","17.66","-1.12%"
"Apr 07, 2021","4.45","4.45","4.45","4.41","15.20","0.00%"
"Apr 06, 2021","4.45","4.47","4.48","4.44","14.75","-0.22%"
"Apr 05, 2021","4.46","4.48","4.49","4.46","15.31","-0.45%"
"Apr 04, 2021","4.48","4.48","4.53","4.48","16.93","-0.22%"
"Apr 01, 2021","4.49","4.42","4.51","4.42","17.16","0.00%"
"Mar 31, 2021","4.49","4.60","4.60","4.40","22.18","-0.88%"
"Mar 30, 2021","4.53","4.60","4.60","4.49","19.11","-0.22%"
"Mar 29, 2021","4.54","4.38","4.55","4.31","20.69","3.65%"
"Mar 28, 2021","4.38","4.30","4.38","4.30","14.99","1.86%"
"Mar 25, 2021","4.30","4.30","4.35","4.24","41.17","-1.15%"
"Mar 24, 2021","4.35","4.39","4.40","4.35","20.57","-0.91%"
"Mar 23, 2021","4.39","4.37","4.40","4.34","17.12","0.92%"
"Mar 22, 2021","4.35","4.35","4.37","4.34","20.57","0.00%"
"Mar 21, 2021","4.35","4.35","4.36","4.34","14.55","0.46%"
"Mar 18, 2021","4.33","4.32","4.36","4.32","15.81","0.46%"
"Mar 17, 2021","4.31","4.38","4.38","4.31","17.68","-0.23%"
"Mar 16, 2021","4.32","4.29","4.32","4.28","15.64","0.47%"
"Mar 15, 2021","4.30","4.30","4.31","4.28","18.44","0.00%"
"Mar 14, 2021","4.30","4.23","4.30","4.23","13.56","1.90%"
"Mar 11, 2021","4.22","4.18","4.25","4.17","10.39","0.96%"
"Mar 10, 2021","4.18","4.18","4.18","4.11","9.54","-0.48%"
"Mar 09, 2021","4.20","4.23","4.25","4.16","9.90","-0.94%"
"Mar 08, 2021","4.24","4.23","4.24","4.20","11.41","0.24%"
"Mar 07, 2021","4.23","4.30","4.31","4.23","11.10","-1.40%"
"Mar 04, 2021","4.29","4.35","4.35","4.27","15.61","-1.83%"
"Mar 03, 2021","4.37","4.37","4.40","4.33","13.90","-0.23%"
"Mar 02, 2021","4.38","4.29","4.43","4.29","17.66","2.10%"
"Mar 01, 2021","4.29","4.15","4.34","4.15","19.88","4.38%"
"Feb 28, 2021","4.11","4.05","4.11","4.05","11.44","0.24%"
"Feb 25, 2021","4.10","4.02","4.10","4.02","62.10","1.74%"
"Feb 24, 2021","4.03","4.01","4.06","4.01","20.30","0.50%"
"Feb 23, 2021","4.01","3.97","4.02","3.96","16.31","1.01%"
"Feb 22, 2021","3.97","3.96","3.99","3.96","13.96","0.25%"
"Feb 21, 2021","3.96","3.99","4.00","3.95","12.54","-0.75%"
"Feb 18, 2021","3.99","3.95","3.99","3.94","17.14","1.01%"
"Feb 17, 2021","3.95","3.95","3.96","3.93","34.28","0.00%"
"Feb 16, 2021","3.95","3.93","3.99","3.93","17.53","0.51%"
"Feb 15, 2021","3.93","3.89","3.93","3.89","15.19","1.29%"
"Feb 14, 2021","3.88","3.91","3.91","3.88","13.32","-0.77%"
"Feb 11, 2021","3.91","3.90","3.92","3.90","14.54","0.00%"
"Feb 10, 2021","3.91","3.90","3.91","3.88","23.08","0.26%"
"Feb 09, 2021","3.90","3.89","3.91","3.88","18.32","0.00%"
"Feb 08, 2021","3.90","3.90","3.93","3.87","22.89","0.00%"
"Feb 07, 2021","3.90","3.85","3.90","3.85","17.48","1.04%"
"Feb 04, 2021","3.86","3.88","3.88","3.85","5.53","-0.52%"
"Feb 03, 2021","3.88","3.90","3.90","3.87","3.63","-0.51%"
"Feb 02, 2021","3.90","3.88","3.91","3.88","6.95","0.52%"
"Feb 01, 2021","3.88","3.88","3.91","3.88","5.40","0.26%"
"Jan 31, 2021","3.87","3.86","3.88","3.86","6.32","0.00%"
"Jan 28, 2021","3.87","3.89","3.90","3.86","4.05","-0.77%"
"Jan 27, 2021","3.90","3.89","3.91","3.89","4.51","-0.26%"
"Jan 26, 2021","3.91","3.92","3.92","3.88","6.57","-0.26%"
"Jan 25, 2021","3.92","3.91","3.94","3.91","4.68","0.51%"
"Jan 24, 2021","3.90","3.91","3.91","3.89","5.33","-0.51%"
"Jan 21, 2021","3.92","3.94","3.96","3.90","6.77","-0.25%"
"Jan 20, 2021","3.93","3.92","3.94","3.89","10.94","0.51%"
"Jan 19, 2021","3.91","3.94","3.94","3.88","8.85","0.77%"
"Jan 18, 2021","3.88","3.87","3.90","3.86","12.27","0.26%"
"Jan 17, 2021","3.87","3.90","3.90","3.84","5.35","0.00%"
"Jan 14, 2021","3.87","3.89","3.89","3.87","7.05","-0.77%"
"Jan 13, 2021","3.90","3.89","3.90","3.89","7.31","0.26%"
"Jan 12, 2021","3.89","3.90","3.91","3.89","7.24","0.00%"
"Jan 11, 2021","3.89","3.89","3.92","3.89","6.92","0.00%"
"Jan 10, 2021","3.89","3.90","3.93","3.89","10.90","0.52%"
"Jan 07, 2021","3.87","3.90","3.90","3.87","6.56","-1.02%"
"Jan 06, 2021","3.91","3.95","3.95","3.89","4.57","-1.01%"
"Jan 05, 2021","3.95","3.92","3.95","3.91","8.69","0.51%"
"Jan 04, 2021","3.93","3.81","3.93","3.81","13.27","3.42%"
"Jan 03, 2021","3.80","3.77","3.81","3.77","4.38","1.33%"
"Dec 31, 2020","3.75","3.80","3.81","3.75","8.83","-1.57%"
"Dec 30, 2020","3.81","3.78","3.83","3.78","5.58","0.53%"
"Dec 29, 2020","3.79","3.83","3.83","3.79","6.91","0.00%"
"Dec 28, 2020","3.79","3.84","3.86","3.78","8.23","0.00%"
"Dec 27, 2020","3.79","3.83","3.85","3.79","10.64","-0.79%"
"Dec 24, 2020","3.82","3.90","3.90","3.82","12.19","-2.05%"
"Dec 23, 2020","3.90","3.82","3.95","3.82","10.13","2.63%"
"Dec 22, 2020","3.80","3.78","3.82","3.78","10.09","-0.26%"
"Dec 21, 2020","3.81","3.86","3.86","3.70","8.84","-1.30%"
"Dec 20, 2020","3.86","3.79","3.91","3.79","6.47","2.39%"
"Dec 17, 2020","3.77","3.73","3.80","3.72","14.18","0.53%"
"Dec 16, 2020","3.75","3.72","3.76","3.72","11.04","1.08%"
"Dec 15, 2020","3.71","3.67","3.71","3.64","7.73","1.64%"
"Dec 14, 2020","3.65","3.57","3.71","3.57","9.48","2.53%"
"Dec 13, 2020","3.56","3.56","3.58","3.54","3.57","-0.28%"
"Dec 10, 2020","3.57","3.55","3.58","3.52","3.75","0.85%"
"Dec 09, 2020","3.54","3.51","3.55","3.51","5.92","0.85%"
"Dec 08, 2020","3.51","3.51","3.53","3.48","6.57","0.00%"
"Dec 07, 2020","3.51","3.55","3.57","3.51","5.57","-1.40%"
"Dec 06, 2020","3.56","3.50","3.56","3.50","4.50","2.89%"
"Nov 30, 2020","3.46","3.51","3.52","3.46","6.83","-1.70%"
"Nov 29, 2020","3.52","3.53","3.56","3.51","4.29","0.28%"
"Nov 26, 2020","3.51","3.55","3.55","3.51","2.62","-0.85%"
"Nov 25, 2020","3.54","3.53","3.55","3.53","2.61","0.00%"
"Nov 24, 2020","3.54","3.54","3.55","3.51","6.36","0.00%"
"Nov 23, 2020","3.54","3.52","3.55","3.51","8.94","1.72%"
"Nov 22, 2020","3.48","3.46","3.48","3.44","2.72","0.87%"
"Nov 19, 2020","3.45","3.41","3.45","3.41","3.48","1.47%"
"Nov 18, 2020","3.40","3.45","3.48","3.40","5.17","-1.45%"
"Nov 17, 2020","3.45","3.42","3.46","3.42","5.28","0.88%"
"Nov 16, 2020","3.42","3.42","3.43","3.40","3.00","-0.29%"
"Nov 15, 2020","3.43","3.36","3.44","3.36","4.73","1.78%"
"Nov 12, 2020","3.37","3.33","3.40","3.33","7.78","0.90%"
"Nov 11, 2020","3.34","3.35","3.35","3.33","6.29","-0.30%"
"Nov 10, 2020","3.35","3.32","3.38","3.32","8.09","1.21%"
"Nov 09, 2020","3.31","3.30","3.33","3.29","6.38","0.30%"
"Nov 08, 2020","3.30","3.31","3.31","3.29","4.73","0.30%"
"Nov 05, 2020","3.29","3.32","3.32","3.28","7.81","-0.90%"
"Nov 04, 2020","3.32","3.34","3.34","3.31","6.44","-0.30%"
"Nov 03, 2020","3.33","3.35","3.35","3.32","4.77","-0.60%"
"Nov 02, 2020","3.35","3.35","3.35","3.33","6.93","0.00%"
"Nov 01, 2020","3.35","3.35","3.35","3.34","8.96","0.00%"
"Oct 28, 2020","3.35","3.37","3.37","3.34","7.54","0.00%"
"Oct 27, 2020","3.35","3.36","3.38","3.34","10.43","-0.89%"
"Oct 26, 2020","3.38","3.34","3.41","3.34","8.21","0.60%"
"Oct 25, 2020","3.36","3.35","3.37","3.33","18.34","0.30%"
"Oct 22, 2020","3.35","3.35","3.35","3.33","12.41","0.00%"
"Oct 21, 2020","3.35","3.35","3.36","3.33","15.13","0.00%"
"Oct 20, 2020","3.35","3.36","3.36","3.33","11.45","-0.30%"
"Oct 19, 2020","3.36","3.35","3.37","3.35","13.54","0.30%"
"Oct 18, 2020","3.35","3.35","3.37","3.35","11.59","0.00%"
"Oct 15, 2020","3.35","3.37","3.39","3.35","5.25","-0.59%"
"Oct 14, 2020","3.37","3.40","3.40","3.37","20.00","-0.30%"
"Oct 13, 2020","3.38","3.37","3.39","3.35","8.26","-0.29%"
"Oct 12, 2020","3.39","3.39","3.39","3.37","11.63","-0.29%"
"Oct 11, 2020","3.40","3.40","3.42","3.39","12.17","0.29%"
"Oct 08, 2020","3.39","3.40","3.40","3.38","9.13","-2.87%"
"Oct 07, 2020","3.49","3.49","3.50","3.48","10.93","-0.29%"
"Oct 06, 2020","3.50","3.50","3.50","3.49","2.97","0.29%"
"Oct 05, 2020","3.49","3.52","3.53","3.49","4.49","-0.57%"
"Oct 04, 2020","3.51","3.49","3.52","3.49","4.65","-0.28%"
"Oct 01, 2020","3.52","3.53","3.55","3.50","9.02","0.00%"
"Sep 30, 2020","3.52","3.47","3.53","3.46","10.81","2.03%"
"Sep 29, 2020","3.45","3.47","3.47","3.45","7.71","-0.58%"
"Sep 28, 2020","3.47","3.50","3.51","3.46","4.98","-0.57%"
"Sep 27, 2020","3.49","3.39","3.50","3.39","6.67","2.05%"
"Sep 24, 2020","3.42","3.41","3.43","3.38","9.16","-1.44%"
"Sep 23, 2020","3.47","3.43","3.48","3.39","8.51","2.66%"
"Sep 22, 2020","3.38","3.40","3.41","3.38","4.42","-0.88%"
"Sep 21, 2020","3.41","3.47","3.47","3.41","2.35","-1.16%"
"Sep 20, 2020","3.45","3.50","3.57","3.42","9.91","-0.58%"
"Sep 17, 2020","3.47","3.36","3.51","3.36","52.00","3.27%"
"Sep 16, 2020","3.36","3.42","3.43","3.33","4.85","-1.18%"
"Sep 15, 2020","3.40","3.45","3.46","3.35","17.07","-0.87%"
"Sep 14, 2020","3.43","3.24","3.50","3.22","1.26B","5.54%"
"Sep 13, 2020","3.25","3.25","3.25","3.23","949.20K","0.00%"
"Sep 10, 2020","3.25","3.22","3.25","3.18","5.32","2.52%"
"Sep 09, 2020","3.17","3.19","3.22","3.17","5.76","-0.31%"
"Sep 08, 2020","3.18","3.24","3.24","3.18","4.75","-0.62%"
"Sep 07, 2020","3.20","3.20","3.27","3.17","8.34","0.00%"
"Sep 06, 2020","3.20","3.15","3.20","3.10","3.75","6.31%"
"Sep 03, 2020","3.01","3.24","3.24","3.01","5.98","-1.31%"
"Sep 02, 2020","3.05","3.20","3.27","3.05","4.39","-4.39%"
"Sep 01, 2020","3.19","3.20","3.20","3.19","222.20K","-0.31%"
"Aug 31, 2020","3.20","3.18","3.21","3.18","547.60K","1.27%"
"Aug 30, 2020","3.16","3.22","3.22","3.16","235.20K","-1.25%"
"Aug 27, 2020","3.20","3.23","3.23","3.18","75.00K","-0.62%"
"Aug 26, 2020","3.22","3.20","3.22","3.15","1.05","0.62%"
"Aug 25, 2020","3.20","3.22","3.22","3.16","734.70K","-1.23%"
"Aug 24, 2020","3.24","3.19","3.24","3.15","1.04","2.21%"
"Aug 20, 2020","3.17","3.19","3.19","3.15","4.27","-0.63%"
"Aug 19, 2020","3.19","3.13","3.19","3.12","9.49","1.59%"
"Aug 18, 2020","3.14","3.13","3.19","3.13","8.76","-0.32%"
"Aug 17, 2020","3.15","3.20","3.20","3.14","9.58","1.29%"
"Aug 16, 2020","3.11","3.15","3.15","3.10","14.08","-2.20%"
"Aug 13, 2020","3.18","3.20","3.20","3.14","2.17","0.00%"
"Aug 12, 2020","3.18","3.11","3.20","3.10","1.10","2.58%"
"Aug 11, 2020","3.10","3.14","3.18","3.10","1.54","-1.59%"
"Aug 10, 2020","3.15","3.10","3.17","3.10","3.15","0.00%"
"Aug 09, 2020","3.15","3.14","3.15","3.14","1.45","0.00%"
"Aug 06, 2020","3.15","3.12","3.15","3.12","2.40","1.61%"
"Aug 05, 2020","3.10","3.10","3.13","3.10","1.29","-1.27%"
"Aug 04, 2020","3.14","3.08","3.15","3.08","806.70K","0.00%"
"Aug 03, 2020","3.14","3.14","3.15","3.07","753.30K","0.00%"
"Jul 29, 2020","3.14","3.14","3.15","3.10","2.34","0.00%"
"Jul 28, 2020","3.14","3.13","3.14","3.10","918.50K","0.32%"
"Jul 27, 2020","3.13","3.09","3.14","3.09","866.40K","1.62%"
"Jul 26, 2020","3.08","3.08","3.10","3.08","312.70K","0.00%"
"Jul 23, 2020","3.08","3.10","3.10","3.08","231.50K","-0.65%"
"Jul 22, 2020","3.10","3.14","3.14","3.10","3.28","-0.96%"
"Jul 21, 2020","3.13","3.08","3.13","3.08","778.60K","1.62%"
"Jul 20, 2020","3.08","3.12","3.13","3.08","964.20K","-1.28%"
"Jul 19, 2020","3.12","3.14","3.14","3.12","86.10K","1.96%"
"Jul 16, 2020","3.06","3.04","3.06","3.04","2.12","0.99%"
"Jul 15, 2020","3.03","3.00","3.03","3.00","704.60K","0.66%"
"Jul 14, 2020","3.01","2.98","3.01","2.97","1.10","1.01%"
"Jul 13, 2020","2.98","3.00","3.03","2.97","1.11","0.00%"
"Jul 12, 2020","2.98","3.00","3.00","2.98","1.30","-0.67%"
"Jul 09, 2020","3.00","2.99","3.00","2.98","2.99","0.33%"
"Jul 08, 2020","2.99","2.99","3.00","2.98","3.15","0.00%"
"Jul 07, 2020","2.99","2.97","3.00","2.97","2.60","0.67%"
"Jul 06, 2020","2.97","2.97","2.97","2.96","514.30K","0.34%"
"Jul 05, 2020","2.96","2.97","2.97","2.95","882.10K","-0.34%"
"Jul 02, 2020","2.97","2.97","2.97","2.96","1.05","0.00%"
"Jul 01, 2020","2.97","2.97","2.97","2.96","693.60K","0.00%"
"Jun 30, 2020","2.97","3.00","3.00","2.97","2.20","0.34%"
"Jun 29, 2020","2.96","3.00","3.00","2.96","1.86","-2.31%"
"Jun 28, 2020","3.03","2.98","3.03","2.98","6.41","1.68%"
"Jun 25, 2020","2.98","2.95","2.98","2.95","1.07","1.02%"
"Jun 24, 2020","2.95","2.95","2.96","2.95","2.17","0.00%"
"Jun 23, 2020","2.95","2.96","2.96","2.95","529.70K","0.00%"
"Jun 22, 2020","2.95","2.93","2.96","2.93","260.20K","-0.34%"
"Jun 21, 2020","2.96","2.93","2.96","2.93","17.30K","0.34%"
"Jun 18, 2020","2.95","2.94","2.95","2.94","328.10K","1.72%"
"Jun 17, 2020","2.90","2.97","2.97","2.90","1.82","-2.68%"
"Jun 16, 2020","2.98","2.95","2.98","2.95","2.40","1.36%"
"Jun 15, 2020","2.94","2.90","2.94","2.90","55.50K","0.00%"
"Jun 14, 2020","2.94","2.95","2.95","2.91","249.10K","-1.01%"
"Jun 11, 2020","2.97","2.95","2.97","2.91","862.50K","0.68%"
"Jun 10, 2020","2.95","2.97","2.97","2.94","544.30K","-0.34%"
"Jun 09, 2020","2.96","2.98","2.98","2.92","1.49","-0.67%"
"Jun 08, 2020","2.98","2.99","2.99","2.95","2.90","1.02%"
"Jun 07, 2020","2.95","2.93","2.99","2.93","2.44","0.68%"
"Jun 04, 2020","2.93","2.91","2.96","2.91","1.74","0.34%"
"Jun 03, 2020","2.92","2.93","2.94","2.89","1.03","0.69%"
"Jun 02, 2020","2.90","2.90","2.90","2.84","263.00K","-0.68%"
"Jun 01, 2020","2.92","2.83","2.92","2.83","13.07","0.69%"
"May 31, 2020","2.90","2.89","2.91","2.88","2.09","0.35%"
"May 28, 2020","2.89","2.84","2.94","2.84","4.35","3.21%"
"May 27, 2020","2.80","2.80","2.82","2.79","5.11","0.00%"
"May 21, 2020","2.80","2.79","2.80","2.79","5.68","0.36%"
"May 20, 2020","2.79","2.79","2.80","2.78","3.05","0.00%"
"May 19, 2020","2.79","2.80","2.80","2.79","5.81","-1.41%"
"May 18, 2020","2.83","2.79","2.83","2.79","10.73","1.07%"
"May 17, 2020","2.80","2.80","2.81","2.80","2.41","0.72%"
"May 14, 2020","2.78","2.79","2.80","2.78","1.54","-0.71%"
"May 13, 2020","2.80","2.76","2.80","2.76","1.81","1.08%"
"May 12, 2020","2.77","2.79","2.79","2.75","1.70","-1.07%"
"May 11, 2020","2.80","2.80","2.80","2.79","2.48","0.00%"
"May 10, 2020","2.80","2.79","2.81","2.76","1.09","0.36%"
"May 07, 2020","2.79","2.79","2.80","2.77","717.10K","-0.36%"
"May 06, 2020","2.80","2.80","2.80","2.77","4.44","0.72%"
"May 05, 2020","2.78","2.78","2.80","2.78","551.60K","0.36%"
"May 04, 2020","2.77","2.75","2.79","2.75","12.50K","-0.36%"
"May 03, 2020","2.78","2.80","2.81","2.77","863.50K","-0.71%"
"Apr 30, 2020","2.80","2.80","2.81","2.79","10.93","-0.36%"
"Apr 29, 2020","2.81","2.83","2.83","2.80","2.34","0.00%"
"Apr 28, 2020","2.81","2.81","2.82","2.80","1.66","0.36%"
"Apr 27, 2020","2.80","2.76","2.82","2.75","6.91","1.82%"
"Apr 26, 2020","2.75","2.77","2.79","2.62","2.27","0.00%"
"Apr 23, 2020","2.75","2.77","2.77","2.72","21.45","0.00%"
"Apr 22, 2020","2.75","2.72","2.76","2.70","2.03","0.00%"
"Apr 21, 2020","2.75","2.71","2.75","2.63","5.70","0.00%"
"Apr 20, 2020","2.75","2.80","2.80","2.72","227.20K","0.00%"
"Apr 19, 2020","2.75","2.75","2.79","2.74","2.18","0.00%"
"Apr 16, 2020","2.75","2.77","2.77","2.72","4.47","-1.79%"
"Apr 15, 2020","2.80","2.80","2.80","2.76","418.30K","0.00%"
"Apr 14, 2020","2.80","2.80","2.80","2.77","891.20K","0.00%"
"Apr 13, 2020","2.80","2.80","2.83","2.77","11.83","0.00%"
"Apr 12, 2020","2.80","2.80","2.82","2.78","1.57","0.36%"
"Apr 09, 2020","2.79","2.73","2.80","2.73","3.63","-2.79%"
"Apr 08, 2020","2.87","2.90","2.90","2.83","2.69","-1.03%"
"Apr 07, 2020","2.90","3.00","3.00","2.90","5.02","-3.33%"
"Apr 06, 2020","3.00","2.85","3.00","2.85","3.62","5.26%"
"Apr 05, 2020","2.85","2.84","2.85","2.80","2.41","0.71%"
"Apr 02, 2020","2.83","2.78","2.83","2.75","6.81","2.91%"
"Apr 01, 2020","2.75","2.74","2.78","2.71","1.04","1.85%"
"Mar 31, 2020","2.70","2.69","2.90","2.64","4.17","-0.37%"
"Mar 30, 2020","2.71","2.70","2.73","2.62","829.10K","0.37%"
"Mar 29, 2020","2.70","2.62","2.75","2.60","20.23","0.00%"
"Mar 26, 2020","2.70","2.58","2.94","2.56","4.63","5.47%"
"Mar 25, 2020","2.56","2.44","2.60","2.44","2.80","4.92%"
"Mar 24, 2020","2.44","2.41","2.59","2.41","1.51","1.67%"
"Mar 23, 2020","2.40","2.51","2.51","2.40","1.54","-4.76%"
"Mar 22, 2020","2.52","2.52","2.60","2.52","179.30K","-1.18%"
"Mar 19, 2020","2.55","2.61","2.61","2.54","5.79","-1.92%"
"Mar 18, 2020","2.60","2.52","2.64","2.52","196.50K","1.96%"
"Mar 17, 2020","2.55","2.60","2.68","2.52","662.10K","-1.92%"
"Mar 16, 2020","2.60","2.61","2.70","2.60","1.48","-2.99%"
"Mar 15, 2020","2.68","2.77","2.77","2.60","1.80","-0.74%"
"Mar 12, 2020","2.70","2.75","2.80","2.68","3.97","-6.25%"
"Mar 11, 2020","2.88","2.85","2.90","2.81","427.00K","0.00%"
"Mar 10, 2020","2.88","2.72","2.89","2.72","1.52","10.34%"
"Mar 09, 2020","2.61","2.79","2.79","2.61","4.80","-10.00%"
"Mar 08, 2020","2.90","2.90","2.94","2.84","5.29","-3.33%"
"Mar 05, 2020","3.00","3.00","3.00","2.97","2.95","0.00%"
"Mar 04, 2020","3.00","2.96","3.00","2.96","2.25","1.35%"
"Mar 03, 2020","2.96","2.98","2.98","2.95","1.32","0.34%"
"Mar 02, 2020","2.95","2.97","2.97","2.95","868.70K","0.00%"
"Mar 01, 2020","2.95","2.95","2.95","2.80","3.18","-1.34%"
"Feb 27, 2020","2.99","3.00","3.00","2.98","985.50K","-0.33%"
"Feb 26, 2020","3.00","3.02","3.02","2.98","2.07","-0.99%"
"Feb 25, 2020","3.03","3.06","3.06","3.01","77.50K","-0.33%"
"Feb 24, 2020","3.04","3.05","3.05","3.02","6.15","-0.65%"
"Feb 23, 2020","3.06","3.05","3.06","3.04","944.00K","0.00%"
"Feb 20, 2020","3.06","3.06","3.06","3.05","4.56","0.33%"
"Feb 19, 2020","3.05","3.08","3.08","3.05","17.00","-0.33%"
"Feb 18, 2020","3.06","3.07","3.07","3.06","816.10K","0.00%"
"Feb 17, 2020","3.06","3.04","3.10","3.04","2.15","0.99%"
"Feb 16, 2020","3.03","3.04","3.10","3.00","3.98","1.00%"
"Feb 13, 2020","3.00","2.97","3.05","2.93","842.70K","1.01%"
"Feb 12, 2020","2.97","2.97","3.00","2.96","1.25","0.34%"
"Feb 11, 2020","2.96","2.94","3.00","2.90","3.72","-0.67%"
"Feb 10, 2020","2.98","3.06","3.06","2.98","2.29","-2.61%"
"Feb 09, 2020","3.06","3.05","3.10","3.05","842.90K","-0.33%"
"Feb 06, 2020","3.07","3.10","3.10","3.07","660.80K","-0.97%"
"Feb 05, 2020","3.10","3.06","3.10","3.05","516.70K","1.31%"
"Feb 04, 2020","3.06","3.11","3.15","3.06","1.44","-1.92%"
"Feb 03, 2020","3.12","3.12","3.13","3.12","414.10K","0.00%"
"Feb 02, 2020","3.12","3.14","3.14","3.10","9.70K","-0.64%"
"Jan 30, 2020","3.14","3.17","3.19","3.14","1.86","0.32%"
"Jan 29, 2020","3.13","3.01","3.20","3.01","7.36","0.00%"
"Jan 28, 2020","3.13","3.13","3.13","3.13","134.90K","0.32%"
"Jan 27, 2020","3.12","3.15","3.17","3.12","724.40K","-0.95%"
"Jan 26, 2020","3.15","3.14","3.15","3.13","845.00K","0.32%"
"Jan 23, 2020","3.14","3.14","3.14","3.14","32.00K","-0.32%"
"Jan 22, 2020","3.15","3.15","3.15","3.12","2.34","0.00%"
"Jan 21, 2020","3.15","3.14","3.17","3.12","2.46","0.96%"
"Jan 20, 2020","3.12","3.12","3.15","3.12","788.00K","0.00%"
"Jan 19, 2020","3.12","3.11","3.15","3.11","979.10K","-0.64%"
"Jan 16, 2020","3.14","3.11","3.15","3.11","2.19","1.29%"
"Jan 15, 2020","3.10","3.05","3.10","3.04","5.57","1.64%"
"Jan 14, 2020","3.05","3.00","3.07","2.98","1.92","1.67%"
"Jan 13, 2020","3.00","3.05","3.06","2.99","1.88","-1.32%"
"Jan 12, 2020","3.04","2.97","3.07","2.97","1.46","1.67%"
"Jan 09, 2020","2.99","2.95","3.07","2.95","5.97","2.05%"
"Jan 08, 2020","2.93","2.94","2.95","2.91","1.08","-1.68%"
"Jan 07, 2020","2.98","2.95","2.98","2.93","825.10K","2.05%"
"Jan 06, 2020","2.92","3.00","3.00","2.91","903.10K","-0.68%"
"Jan 05, 2020","2.94","2.95","2.98","2.92","545.20K","-2.00%"
"Jan 02, 2020","3.00","2.95","3.00","2.95","243.70K","1.35%"
"Dec 31, 2019","2.96","3.05","3.07","2.96","20.04","-2.95%"
"Dec 30, 2019","3.05","2.99","3.15","2.93","3.67","2.01%"
"Dec 29, 2019","2.99","2.96","2.99","2.94","665.00K","2.75%"
"Dec 26, 2019","2.91","2.98","2.99","2.90","628.10K","-2.68%"
"Dec 25, 2019","2.99","2.97","2.99","2.97","868.30K","1.01%"
"Dec 24, 2019","2.96","2.89","2.96","2.89","115.90K","1.02%"
"Dec 23, 2019","2.93","2.90","2.96","2.90","672.10K","-0.34%"
"Dec 22, 2019","2.94","2.84","2.94","2.84","781.50K","0.68%"
"Dec 19, 2019","2.92","2.91","2.92","2.90","5.17","0.69%"
"Dec 18, 2019","2.90","2.96","2.96","2.90","5.25","-2.03%"
"Dec 17, 2019","2.96","2.90","3.00","2.90","6.03","3.50%"
"Dec 16, 2019","2.86","2.82","2.90","2.82","986.60K","-1.38%"
"Dec 15, 2019","2.90","2.80","2.92","2.80","4.80","3.57%"
"Dec 12, 2019","2.80","2.77","2.80","2.77","1.80","1.45%"
"Dec 11, 2019","2.76","2.77","2.77","2.76","2.79","0.73%"
"Dec 10, 2019","2.74","2.80","2.80","2.74","909.70K","-2.14%"
"Dec 09, 2019","2.80","2.80","2.80","2.76","2.16","0.00%"
"Dec 08, 2019","2.80","2.74","2.81","2.74","2.43","2.19%"
"Dec 05, 2019","2.74","2.71","2.74","2.71","163.70K","1.11%"
"Dec 04, 2019","2.71","2.74","2.74","2.71","198.20K","0.00%"
"Nov 28, 2019","2.71","2.70","2.73","2.70","1.39","-0.37%"
"Nov 27, 2019","2.72","2.70","2.72","2.70","2.17","0.74%"
"Nov 26, 2019","2.70","2.70","2.71","2.69","1.32","0.37%"
"Nov 25, 2019","2.69","2.65","2.70","2.65","1.81","0.37%"
"Nov 24, 2019","2.68","2.66","2.68","2.66","330.70K","0.75%"
"Nov 21, 2019","2.66","2.64","2.66","2.64","2.74","1.14%"
"Nov 20, 2019","2.63","2.63","2.65","2.63","44.00K","-0.75%"
"Nov 19, 2019","2.65","2.65","2.66","2.64","1.26","0.00%"
"Nov 18, 2019","2.65","2.65","2.65","2.64","4.53","0.00%"
"Nov 17, 2019","2.65","2.65","2.65","2.65","242.00K","0.00%"
"Nov 14, 2019","2.65","2.66","2.66","2.65","119.20K","0.00%"
"Nov 13, 2019","2.65","2.62","2.67","2.62","574.90K","0.00%"
"Nov 12, 2019","2.65","2.65","2.66","2.65","2.99","0.00%"
"Nov 11, 2019","2.65","2.65","2.66","2.65","331.20K","0.00%"
"Nov 10, 2019","2.65","2.62","2.65","2.62","1.57","1.15%"
"Nov 07, 2019","2.62","2.63","2.65","2.62","462.70K","-0.76%"
"Nov 06, 2019","2.64","2.64","2.64","2.63","662.50K","0.38%"
"Nov 05, 2019","2.63","2.65","2.65","2.61","980.00K","0.00%"
"Nov 04, 2019","2.63","2.62","2.65","2.62","113.10K","0.38%"
"Nov 03, 2019","2.62","2.67","2.67","2.61","6.04","0.00%"
"Oct 31, 2019","2.62","2.63","2.64","2.62","3.25","-0.38%"
"Oct 30, 2019","2.63","2.62","2.64","2.62","108.70K","0.38%"
"Oct 29, 2019","2.62","2.65","2.66","2.62","656.30K","-1.13%"
"Oct 28, 2019","2.65","2.62","2.65","2.62","923.50K","0.38%"
"Oct 27, 2019","2.64","2.63","2.65","2.63","2.54","1.15%"
"Oct 24, 2019","2.61","2.62","2.64","2.61","592.20K","0.00%"
"Oct 23, 2019","2.61","2.64","2.64","2.61","129.20K","0.00%"
"Oct 22, 2019","2.61","2.62","2.64","2.61","1.07","-0.38%"
"Oct 21, 2019","2.62","2.63","2.63","2.62","1.08","0.38%"
"Oct 20, 2019","2.61","2.61","2.61","2.61","237.60K","0.00%"
"Oct 17, 2019","2.61","2.64","2.64","2.59","1.53","0.77%"
"Oct 16, 2019","2.59","2.60","2.61","2.59","847.60K","-0.38%"
"Oct 15, 2019","2.60","2.65","2.65","2.60","1.69","-1.14%"
"Oct 14, 2019","2.63","2.65","2.65","2.63","216.90K","0.00%"
"Oct 13, 2019","2.63","2.66","2.66","2.63","492.10K","-1.13%"
"Oct 10, 2019","2.66","2.63","2.67","2.63","207.90K","0.76%"
"Oct 09, 2019","2.64","2.63","2.66","2.63","336.30K","0.38%"
"Oct 08, 2019","2.63","2.63","2.64","2.62","168.30K","-2.59%"
"Oct 07, 2019","2.70","2.73","2.73","2.70","2.13","-1.10%"
"Oct 06, 2019","2.73","2.69","2.73","2.68","2.11","1.87%"
"Oct 03, 2019","2.68","2.66","2.68","2.66","1.21","-0.37%"
"Oct 02, 2019","2.69","2.69","2.69","2.66","6.30","0.00%"
"Oct 01, 2019","2.69","2.67","2.69","2.67","2.56","0.75%"
"Sep 30, 2019","2.67","2.69","2.69","2.66","3.38","0.75%"
"Sep 29, 2019","2.65","2.65","2.68","2.65","435.50K","-1.12%"
"Sep 26, 2019","2.68","2.65","2.69","2.65","2.81","1.13%"
"Sep 25, 2019","2.65","2.65","2.68","2.65","3.03","0.00%"
"Sep 24, 2019","2.65","2.65","2.68","2.65","427.50K","0.38%"
"Sep 23, 2019","2.64","2.66","2.70","2.64","2.79","-1.12%"
"Sep 22, 2019","2.67","2.62","2.69","2.62","616.00K","1.91%"
"Sep 19, 2019","2.62","2.67","2.67","2.62","41.44","-2.24%"
"Sep 18, 2019","2.68","2.69","2.70","2.68","1.23","0.75%"
"Sep 17, 2019","2.66","2.69","2.69","2.66","3.84","-0.37%"
"Sep 16, 2019","2.67","2.69","2.69","2.67","1.08","0.38%"
"Sep 15, 2019","2.66","2.65","2.69","2.64","476.20K","0.38%"
"Sep 12, 2019","2.65","2.69","2.70","2.65","5.56","-1.85%"
"Sep 11, 2019","2.70","2.69","2.70","2.69","2.61","0.00%"
"Sep 10, 2019","2.70","2.71","2.71","2.69","4.91","0.75%"
"Sep 09, 2019","2.68","2.69","2.70","2.67","3.27","0.00%"
"Sep 08, 2019","2.68","2.68","2.68","2.68","83.70K","-0.74%"
"Sep 05, 2019","2.70","2.70","2.70","2.69","767.40K","0.00%"
"Sep 04, 2019","2.70","2.67","2.70","2.67","8.59","1.89%"
"Sep 03, 2019","2.65","2.67","2.67","2.65","836.20K","-0.75%"
"Sep 02, 2019","2.67","2.67","2.70","2.66","11.91","1.14%"
"Sep 01, 2019","2.64","2.63","2.66","2.63","16.60K","0.38%"
"Aug 29, 2019","2.63","2.66","2.67","2.63","1.19","-1.50%"
"Aug 28, 2019","2.67","2.67","2.67","2.67","21.28","-0.37%"
"Aug 27, 2019","2.68","2.67","2.68","2.65","1.30","0.75%"
"Aug 26, 2019","2.66","2.67","2.67","2.66","2.79","0.76%"
"Aug 25, 2019","2.64","2.67","2.69","2.64","1.81","-1.49%"
"Aug 22, 2019","2.68","2.70","2.70","2.68","2.73","0.00%"
"Aug 21, 2019","2.68","2.70","2.70","2.68","2.27","-0.37%"
"Aug 20, 2019","2.69","2.69","2.71","2.69","70.60K","0.00%"
"Aug 19, 2019","2.69","2.68","2.72","2.68","454.40K","0.37%"
"Aug 15, 2019","2.68","2.70","2.70","2.68","320.90K","-1.47%"
"Aug 14, 2019","2.72","2.69","2.72","2.69","377.20K","0.74%"
"Aug 08, 2019","2.70","2.71","2.71","2.70","424.30K","-1.10%"
"Aug 07, 2019","2.73","2.70","2.73","2.69","3.07","1.49%"
"Aug 06, 2019","2.69","2.70","2.70","2.69","83.10K","-1.10%"
"Aug 05, 2019","2.72","2.68","2.72","2.68","184.70K","1.12%"
"Aug 04, 2019","2.69","2.72","2.72","2.69","355.20K","-1.10%"
"Aug 01, 2019","2.72","2.70","2.73","2.70","102.80K","0.37%"
"Jul 31, 2019","2.71","2.72","2.72","2.71","3.19","0.37%"
"Jul 30, 2019","2.70","2.71","2.71","2.70","545.40K","-0.74%"
"Jul 29, 2019","2.72","2.71","2.72","2.71","3.62","0.00%"
"Jul 28, 2019","2.72","2.74","2.75","2.72","900.40K","-1.09%"
"Jul 25, 2019","2.75","2.75","2.75","2.73","904.40K","1.10%"
"Jul 24, 2019","2.72","2.73","2.74","2.71","2.72","-0.37%"
"Jul 23, 2019","2.73","2.70","2.73","2.70","1.12","0.74%"
"Jul 22, 2019","2.71","2.72","2.72","2.70","2.34","-0.73%"
"Jul 21, 2019","2.73","2.72","2.73","2.72","166.40K","-0.73%"
"Jul 18, 2019","2.75","2.73","2.75","2.72","1.92","0.73%"
"Jul 17, 2019","2.73","2.73","2.75","2.73","544.40K","0.00%"
"Jul 16, 2019","2.73","2.73","2.73","2.72","636.10K","0.37%"
"Jul 15, 2019","2.72","2.75","2.75","2.71","1.02","-0.37%"
"Jul 14, 2019","2.73","2.75","2.75","2.72","299.30K","0.37%"
"Jul 11, 2019","2.72","2.72","2.75","2.71","275.60K","0.00%"
"Jul 10, 2019","2.72","2.75","2.75","2.72","653.90K","-0.73%"
"Jul 09, 2019","2.74","2.72","2.74","2.72","507.80K","-0.36%"
"Jul 08, 2019","2.75","2.69","2.79","2.69","2.80","1.85%"
"Jul 07, 2019","2.70","2.66","2.73","2.66","2.16","2.27%"
"Jul 04, 2019","2.64","2.64","2.64","2.64","14.30K","0.00%"
"Jul 03, 2019","2.64","2.63","2.64","2.62","2.76","0.00%"
"Jul 02, 2019","2.64","2.63","2.64","2.63","1.32","0.38%"
"Jul 01, 2019","2.63","2.65","2.67","2.63","1.97","-0.75%"
"Jun 30, 2019","2.65","2.67","2.68","2.65","511.50K","-0.38%"
"Jun 27, 2019","2.66","2.66","2.66","2.66","1.14","-0.75%"
"Jun 26, 2019","2.68","2.67","2.68","2.67","463.20K","-0.37%"
"Jun 25, 2019","2.69","2.66","2.69","2.66","91.90K","1.13%"
"Jun 24, 2019","2.66","2.67","2.70","2.66","1.33","-0.37%"
"Jun 23, 2019","2.67","2.70","2.70","2.67","146.40K","-1.11%"
"Jun 20, 2019","2.70","2.69","2.70","2.68","4.25","0.75%"
"Jun 19, 2019","2.68","2.69","2.70","2.68","832.30K","0.00%"
"Jun 18, 2019","2.68","2.68","2.68","2.68","11.80K","0.00%"
"Jun 17, 2019","2.68","2.69","2.69","2.68","863.10K","-0.37%"
"Jun 16, 2019","2.69","2.71","2.71","2.68","326.50K","-0.37%"
"Jun 13, 2019","2.70","2.68","2.71","2.68","3.66","1.12%"
"Jun 12, 2019","2.67","2.70","2.70","2.67","893.00K","-1.11%"
"Jun 11, 2019","2.70","2.70","2.70","2.70","133.10K","-0.37%"
"Jun 10, 2019","2.71","2.71","2.72","2.70","3.03","0.00%"
"Jun 09, 2019","2.71","2.69","2.72","2.69","511.30K","0.74%"
"May 30, 2019","2.69","2.67","2.71","2.67","664.40K","0.75%"
"May 29, 2019","2.67","2.66","2.69","2.66","177.50K","0.00%"
"May 28, 2019","2.67","2.70","2.70","2.67","1.19","-1.11%"
"May 27, 2019","2.70","2.66","2.70","2.66","916.20K","1.50%"
"May 26, 2019","2.66","2.67","2.67","2.65","309.00K","0.00%"
"May 23, 2019","2.66","2.68","2.68","2.66","27.40K","-0.75%"
"May 22, 2019","2.68","2.66","2.68","2.66","83.60K","0.75%"
"May 21, 2019","2.66","2.69","2.70","2.66","262.20K","-1.12%"
"May 20, 2019","2.69","2.66","2.70","2.66","856.70K","0.75%"
"May 19, 2019","2.67","2.68","2.68","2.65","286.00K","0.38%"
"May 16, 2019","2.66","2.67","2.67","2.66","351.50K","-0.37%"
"May 15, 2019","2.67","2.68","2.68","2.67","376.10K","-1.11%"
"May 14, 2019","2.70","2.67","2.71","2.67","1.67","1.12%"
"May 13, 2019","2.67","2.68","2.68","2.67","891.20K","-1.11%"
"May 12, 2019","2.70","2.69","2.70","2.69","2.11","0.00%"
"May 09, 2019","2.70","2.66","2.74","2.66","1.94","1.89%"
"May 08, 2019","2.65","2.64","2.65","2.64","1.28","0.76%"
"May 07, 2019","2.63","2.65","2.65","2.63","321.45K","-0.75%"
"May 06, 2019","2.65","2.63","2.65","2.63","1.06","0.76%"
"May 05, 2019","2.63","2.63","2.64","2.62","510.38K","0.00%"
"May 02, 2019","2.63","2.61","2.65","2.61","237.74K","0.00%"
"May 01, 2019","2.63","2.59","2.63","2.59","483.61K","1.15%"
"Apr 30, 2019","2.60","2.62","2.62","2.60","359.15K","-1.14%"
"Apr 29, 2019","2.63","2.64","2.64","2.63","56.79K","-0.38%"
"Apr 28, 2019","2.64","2.65","2.65","2.63","11.06K","-0.38%"
"Apr 25, 2019","2.65","2.61","2.65","2.59","1.39","1.53%"
"Apr 24, 2019","2.61","2.59","2.62","2.59","7.45","0.77%"
"Apr 23, 2019","2.59","2.59","2.60","2.58","619.62K","0.00%"
"Apr 22, 2019","2.59","2.65","2.66","2.59","1.17","-3.00%"
"Apr 21, 2019","2.67","2.65","2.67","2.64","256.43K","2.30%"
"Apr 18, 2019","2.61","2.67","2.67","2.61","2.62","-2.25%"
"Apr 17, 2019","2.67","2.68","2.68","2.67","1.16","-0.74%"
"Apr 16, 2019","2.69","2.68","2.70","2.67","593.53K","0.37%"
"Apr 15, 2019","2.68","2.67","2.72","2.66","5.86","-0.37%"
"Apr 14, 2019","2.69","2.71","2.73","2.69","1.55","-0.74%"
"Apr 11, 2019","2.71","2.78","2.78","2.69","2.58","-3.21%"
"Apr 10, 2019","2.80","2.80","2.83","2.79","2.69","0.00%"
"Apr 09, 2019","2.80","2.81","2.86","2.75","3.11","-0.36%"
"Apr 08, 2019","2.81","2.71","2.82","2.71","3.59","4.07%"
"Apr 07, 2019","2.70","2.54","2.80","2.54","5.59","8.00%"
"Apr 04, 2019","2.50","2.45","2.51","2.40","5.27","2.04%"
"Apr 03, 2019","2.45","2.31","2.51","2.27","10.53","6.06%"
"Apr 02, 2019","2.31","2.22","2.35","2.22","4.11","4.05%"
"Apr 01, 2019","2.22","2.25","2.25","2.22","310.67K","0.00%"
"Mar 31, 2019","2.22","2.22","2.22","2.19","41.20K","-1.33%"
"Mar 28, 2019","2.25","2.25","2.25","2.25","93.85K","0.00%"
"Mar 27, 2019","2.25","2.22","2.25","2.22","452.25K","1.81%"
"Mar 26, 2019","2.21","2.00","2.23","2.00","16.19","2.31%"
"Mar 25, 2019","2.16","2.19","2.20","2.16","147.74K","-0.92%"
"Mar 24, 2019","2.18","2.18","2.18","2.15","525.00K","-0.46%"
"Mar 21, 2019","2.19","2.21","2.21","2.19","188.67K","-1.35%"
"Mar 20, 2019","2.22","2.20","2.23","2.20","9.09","0.91%"
"Mar 19, 2019","2.20","2.19","2.20","2.19","2.51","0.00%"
"Mar 18, 2019","2.20","2.24","2.24","2.20","186.42K","1.85%"
"Mar 17, 2019","2.16","2.23","2.23","2.16","100.80K","-1.82%"
"Mar 14, 2019","2.20","2.15","2.22","2.15","1.90","1.85%"
"Mar 13, 2019","2.16","2.19","2.19","2.16","109.07K","-1.37%"
"Mar 12, 2019","2.19","2.20","2.21","2.19","4.53","0.00%"
"Mar 11, 2019","2.19","2.19","2.20","2.19","2.94","0.00%"
"Mar 10, 2019","2.19","2.19","2.19","2.18","365.63K","0.00%"
"Mar 07, 2019","2.19","2.20","2.21","2.19","519.85K","-0.90%"
"Mar 06, 2019","2.21","2.19","2.21","2.18","837.19K","0.91%"
"Mar 05, 2019","2.19","2.22","2.22","2.19","2.42","-1.35%"
"Mar 04, 2019","2.22","2.23","2.23","2.22","4.01","0.45%"
"Mar 03, 2019","2.21","2.19","2.23","2.19","57.70K","-0.90%"
"Feb 28, 2019","2.23","2.23","2.23","2.21","461.32K","-0.45%"
"Feb 27, 2019","2.24","2.24","2.24","2.24","230.28K","0.00%"
"Feb 26, 2019","2.24","2.23","2.25","2.23","1.31","0.90%"
"Feb 25, 2019","2.22","2.23","2.25","2.22","466.23K","-0.89%"
"Feb 24, 2019","2.24","2.21","2.24","2.21","304.70K","-0.44%"
"Feb 21, 2019","2.25","2.22","2.25","2.20","1.38","1.81%"
"Feb 20, 2019","2.21","2.18","2.21","2.18","1.65","0.45%"
"Feb 19, 2019","2.20","2.22","2.22","2.19","5.89","-1.35%"
"Feb 18, 2019","2.23","2.24","2.24","2.22","187.99K","0.00%"
"Feb 17, 2019","2.23","2.24","2.24","2.21","367.74K","0.90%"
"Feb 14, 2019","2.21","2.26","2.26","2.21","396.03K","-1.34%"
"Feb 13, 2019","2.24","2.24","2.25","2.24","5.81","-0.88%"
"Feb 12, 2019","2.26","2.25","2.26","2.25","110.98K","0.00%"
"Feb 11, 2019","2.26","2.23","2.26","2.22","19.56K","1.80%"
"Feb 10, 2019","2.22","2.23","2.27","2.22","79.42K","-0.45%"
"Feb 07, 2019","2.23","2.22","2.27","2.22","73.72K","-0.45%"
"Feb 06, 2019","2.24","2.24","2.24","2.23","127.88K","0.00%"
"Feb 05, 2019","2.24","2.25","2.26","2.24","246.85K","-1.75%"
"Feb 04, 2019","2.28","2.26","2.28","2.25","3.61","0.88%"
"Feb 03, 2019","2.26","2.28","2.28","2.26","486.87K","-2.16%"
"Jan 31, 2019","2.31","2.28","2.31","2.28","267.87K","-0.43%"
"Jan 30, 2019","2.32","2.29","2.32","2.28","1.30","1.31%"
"Jan 29, 2019","2.29","2.23","2.29","2.23","65.69K","1.33%"
"Jan 28, 2019","2.26","2.22","2.26","2.20","88.56K","0.00%"
"Jan 27, 2019","2.26","2.22","2.26","2.22","47.31K","-1.31%"
"Jan 24, 2019","2.29","2.22","2.29","2.21","106.10K","3.15%"
"Jan 23, 2019","2.22","2.22","2.22","2.22","30.09K","0.00%"
"Jan 22, 2019","2.22","2.19","2.22","2.19","56.54K","0.00%"
"Jan 21, 2019","2.22","2.22","2.22","2.20","861.33K","-0.89%"
"Jan 20, 2019","2.24","2.25","2.25","2.24","111.79K","0.00%"
"Jan 17, 2019","2.24","2.30","2.30","2.24","264.13K","-2.61%"
"Jan 16, 2019","2.30","2.29","2.31","2.29","712.07K","0.00%"
"Jan 15, 2019","2.30","2.30","2.30","2.29","805.62K","-0.43%"
"Jan 14, 2019","2.31","2.31","2.31","2.30","2.17","0.00%"
"Jan 13, 2019","2.31","2.31","2.31","2.31","175.82K","-0.43%"
"Jan 10, 2019","2.32","2.31","2.32","2.31","40.49K","-0.43%"
"Jan 09, 2019","2.33","2.34","2.34","2.31","300.97K","-0.43%"
"Jan 08, 2019","2.34","2.31","2.34","2.29","874.85K","1.74%"
"Jan 07, 2019","2.30","2.31","2.31","2.30","1.45","-0.43%"
"Jan 06, 2019","2.31","2.34","2.34","2.31","129.00K","-0.43%"
"Jan 03, 2019","2.32","2.32","2.32","2.30","906.30K","-0.85%"
"Jan 02, 2019","2.34","2.32","2.34","2.31","344.17K","0.86%"
"Dec 31, 2018","2.32","2.31","2.32","2.29","1.08","1.31%"
"Dec 30, 2018","2.29","2.29","2.31","2.29","344.94K","-0.43%"
"Dec 27, 2018","2.30","2.30","2.31","2.30","2.74","0.44%"
"Dec 26, 2018","2.29","2.29","2.30","2.29","671.75K","0.00%"
"Dec 25, 2018","2.29","2.30","2.31","2.29","302.16K","-1.29%"
"Dec 24, 2018","2.32","2.30","2.32","2.29","1.42","0.87%"
"Dec 23, 2018","2.30","2.30","2.30","2.29","2.29","-0.43%"
"Dec 20, 2018","2.31","2.30","2.31","2.29","904.59K","0.43%"
"Dec 19, 2018","2.30","2.28","2.30","2.28","114.60K","0.88%"
"Dec 18, 2018","2.28","2.28","2.29","2.28","3.41","-0.87%"
"Dec 17, 2018","2.30","2.28","2.30","2.28","466.58K","0.88%"
"Dec 16, 2018","2.28","2.29","2.30","2.28","121.11K","-0.44%"
"Dec 13, 2018","2.29","2.29","2.30","2.29","71.98K","-0.43%"
"Dec 12, 2018","2.30","2.27","2.30","2.27","503.00K","0.00%"
"Dec 11, 2018","2.30","2.28","2.30","2.28","275.29K","1.32%"
"Dec 10, 2018","2.27","2.25","2.28","2.25","668.18K","0.89%"
"Dec 09, 2018","2.25","2.26","2.26","2.25","8.37K","-2.17%"
"Dec 06, 2018","2.30","2.25","2.30","2.25","603.61K","2.22%"
"Dec 05, 2018","2.25","2.30","2.33","2.25","4.06","-3.43%"
"Dec 04, 2018","2.33","2.32","2.34","2.32","853.59K","0.43%"
"Nov 29, 2018","2.32","2.29","2.32","2.29","603.73K","2.20%"
"Nov 28, 2018","2.27","2.30","2.30","2.25","2.10","-2.58%"
"Nov 27, 2018","2.33","2.30","2.33","2.30","142.93K","0.00%"
"Nov 26, 2018","2.33","2.30","2.33","2.30","87.08K","1.75%"
"Nov 25, 2018","2.29","2.30","2.32","2.27","869.60K","-0.87%"
"Nov 22, 2018","2.31","2.34","2.34","2.31","1.51","-0.86%"
"Nov 21, 2018","2.33","2.34","2.35","2.28","1.73","-0.85%"
"Nov 20, 2018","2.35","2.39","2.39","2.35","215.67K","-1.26%"
"Nov 19, 2018","2.38","2.43","2.43","2.36","1.10","-2.06%"
"Nov 15, 2018","2.43","2.37","2.43","2.37","1.15","2.10%"
"Nov 14, 2018","2.38","2.37","2.38","2.35","2.05","0.00%"
"Nov 13, 2018","2.38","2.37","2.38","2.36","3.74","0.00%"
"Nov 12, 2018","2.38","2.38","2.38","2.35","1.20","0.00%"
"Nov 11, 2018","2.38","2.37","2.39","2.35","282.70K","0.42%"
"Nov 08, 2018","2.37","2.39","2.39","2.34","206.53K","-0.42%"
"Nov 07, 2018","2.38","2.35","2.38","2.35","337.60K","0.42%"
"Nov 06, 2018","2.37","2.36","2.37","2.30","2.65","0.85%"
"Nov 05, 2018","2.35","2.31","2.35","2.30","882.95K","0.86%"
"Nov 04, 2018","2.33","2.30","2.34","2.28","56.06K","0.43%"
"Nov 01, 2018","2.32","2.23","2.32","2.23","2.69","4.50%"
"Oct 31, 2018","2.22","2.22","2.23","2.21","607.01K","0.91%"
"Oct 30, 2018","2.20","2.18","2.20","2.13","6.56","0.92%"
"Oct 29, 2018","2.18","2.16","2.18","2.16","118.00K","0.46%"
"Oct 28, 2018","2.17","2.18","2.18","2.17","740.00K","-0.91%"
"Oct 25, 2018","2.19","2.13","2.20","2.13","430.85K","-0.45%"
"Oct 24, 2018","2.20","2.18","2.20","2.15","2.02","0.00%"
"Oct 23, 2018","2.20","2.23","2.23","2.20","1.94","-2.22%"
"Oct 22, 2018","2.25","2.26","2.27","2.25","2.29","1.81%"
"Oct 21, 2018","2.21","2.26","2.26","2.20","145.52K","-1.78%"
"Oct 18, 2018","2.25","2.18","2.25","2.18","1.20","3.21%"
"Oct 17, 2018","2.18","2.15","2.20","2.15","1.61","-0.46%"
"Oct 16, 2018","2.19","2.25","2.25","2.19","1.76","-3.52%"
"Oct 15, 2018","2.27","2.25","2.30","2.24","374.42K","2.25%"
"Oct 14, 2018","2.22","2.30","2.34","2.22","356.49K","-3.48%"
"Oct 11, 2018","2.30","2.32","2.32","2.29","300.53K","-1.29%"
"Oct 10, 2018","2.33","2.35","2.37","2.33","3.02","-0.85%"
"Oct 09, 2018","2.35","2.34","2.39","2.34","1.72","0.43%"
"Oct 08, 2018","2.34","2.36","2.36","2.32","574.53K","0.00%"
"Oct 07, 2018","2.34","2.38","2.38","2.34","327.34K","-0.43%"
"Oct 04, 2018","2.35","2.38","2.38","2.35","5.56","-1.26%"
"Oct 03, 2018","2.38","2.39","2.39","2.38","11.62","-1.24%"
"Oct 02, 2018","2.41","2.39","2.41","2.36","771.55K","0.84%"
"Oct 01, 2018","2.39","2.40","2.40","2.39","1.06","-0.83%"
"Sep 30, 2018","2.41","2.41","2.41","2.41","56.00K","0.84%"
"Sep 27, 2018","2.39","2.42","2.42","2.39","502.28K","-1.24%"
"Sep 26, 2018","2.42","2.39","2.42","2.39","475.41K","1.26%"
"Sep 25, 2018","2.39","2.40","2.40","2.39","205.61K","-0.42%"
"Sep 24, 2018","2.40","2.41","2.44","2.40","323.55K","-0.41%"
"Sep 23, 2018","2.41","2.40","2.41","2.40","198.48K","1.26%"
"Sep 20, 2018","2.38","2.38","2.41","2.38","200.51K","0.00%"
"Sep 19, 2018","2.38","2.38","2.38","2.38","134.81K","-0.42%"
"Sep 18, 2018","2.39","2.39","2.40","2.38","1.36","-0.83%"
"Sep 17, 2018","2.41","2.44","2.44","2.40","923.94K","-0.82%"
"Sep 16, 2018","2.43","2.44","2.45","2.40","386.59K","-0.41%"
"Sep 12, 2018","2.44","2.44","2.44","2.44","4.33K","-0.41%"
"Sep 11, 2018","2.45","2.44","2.45","2.43","661.50K","0.00%"
"Sep 10, 2018","2.45","2.45","2.46","2.44","414.14K","0.00%"
"Sep 09, 2018","2.45","2.46","2.46","2.45","890.97K","0.00%"
"Sep 06, 2018","2.45","2.41","2.45","2.41","1.41","0.00%"
"Sep 05, 2018","2.45","2.36","2.45","2.36","1.46","2.51%"
"Sep 04, 2018","2.39","2.39","2.41","2.39","468.41K","-0.42%"
"Sep 03, 2018","2.40","2.43","2.43","2.37","1.33","-1.23%"
"Sep 02, 2018","2.43","2.48","2.48","2.43","60.18K","-0.82%"
"Aug 30, 2018","2.45","2.41","2.45","2.41","189.76K","-0.81%"
"Aug 29, 2018","2.47","2.47","2.47","2.41","567.69K","0.82%"
"Aug 28, 2018","2.45","2.38","2.46","2.38","1.74","2.94%"
"Aug 27, 2018","2.38","2.36","2.38","2.36","174.56K","0.85%"
"Aug 26, 2018","2.36","2.39","2.39","2.36","24.30K","0.43%"
"Aug 16, 2018","2.35","2.36","2.40","2.35","665.84K","-0.42%"
"Aug 15, 2018","2.36","2.36","2.36","2.36","1.42","0.00%"
"Aug 14, 2018","2.36","2.36","2.39","2.36","20.45","0.00%"
"Aug 13, 2018","2.36","2.40","2.40","2.36","264.11K","-1.67%"
"Aug 12, 2018","2.40","2.37","2.40","2.36","365.47K","-1.64%"
"Aug 09, 2018","2.44","2.36","2.44","2.36","6.51K","3.39%"
"Aug 08, 2018","2.36","2.46","2.46","2.36","1.33","-4.07%"
"Aug 07, 2018","2.46","2.47","2.48","2.44","1.13","-0.40%"
"Aug 06, 2018","2.47","2.47","2.48","2.47","233.64K","0.00%"
"Aug 05, 2018","2.47","2.47","2.47","2.47","215.00K","-1.20%"
"Aug 02, 2018","2.50","2.50","2.50","2.50","1.00K","0.00%"
"Aug 01, 2018","2.50","2.50","2.50","2.50","66.84K","1.21%"
"Jul 31, 2018","2.47","2.50","2.51","2.47","8.08","-1.98%"
"Jul 30, 2018","2.52","2.50","2.52","2.50","337.84K","0.80%"
"Jul 29, 2018","2.50","2.47","2.50","2.47","18.32K","1.21%"
"Jul 26, 2018","2.47","2.47","2.50","2.47","224.08K","0.41%"
"Jul 25, 2018","2.46","2.46","2.52","2.46","985.98K","-0.40%"
"Jul 24, 2018","2.47","2.51","2.52","2.47","165.39K","-1.20%"
"Jul 23, 2018","2.50","2.47","2.54","2.47","33.07","1.63%"
"Jul 22, 2018","2.46","2.47","2.47","2.46","785.97K","0.00%"
"Jul 19, 2018","2.46","2.46","2.47","2.46","181.09K","0.00%"
"Jul 18, 2018","2.46","2.46","2.47","2.46","408.72K","0.00%"
"Jul 17, 2018","2.46","2.47","2.47","2.45","1.18","-0.40%"
"Jul 16, 2018","2.47","2.46","2.48","2.46","418.69K","0.41%"
"Jul 15, 2018","2.46","2.44","2.48","2.44","274.47K","-0.40%"
"Jul 12, 2018","2.47","2.43","2.47","2.43","1.07","1.65%"
"Jul 11, 2018","2.43","2.42","2.44","2.42","124.18K","0.41%"
"Jul 10, 2018","2.42","2.42","2.43","2.42","207.62K","0.00%"
"Jul 09, 2018","2.42","2.42","2.45","2.42","476.83K","0.00%"
"Jul 08, 2018","2.42","2.42","2.42","2.42","0.79K","-0.82%"
"Jul 05, 2018","2.44","2.40","2.44","2.40","105.31K","1.67%"
"Jul 04, 2018","2.40","2.41","2.42","2.40","178.89K","0.00%"
"Jul 03, 2018","2.40","2.40","2.40","2.40","169.35K","0.00%"
"Jul 02, 2018","2.40","2.40","2.40","2.40","1.06","-0.41%"
"Jul 01, 2018","2.41","2.40","2.41","2.36","503.99K","1.69%"
"Jun 28, 2018","2.37","2.35","2.38","2.35","2.53","0.85%"
"Jun 27, 2018","2.35","2.32","2.36","2.32","2.15","-1.26%"
"Jun 26, 2018","2.38","2.34","2.38","2.34","234.63K","1.71%"
"Jun 25, 2018","2.34","2.40","2.40","2.34","435.61K","-2.50%"
"Jun 24, 2018","2.40","2.32","2.41","2.32","254.90K","0.42%"
"Jun 21, 2018","2.39","2.34","2.39","2.34","269.00K","2.58%"
"Jun 20, 2018","2.33","2.37","2.38","2.25","448.34K","-0.85%"
"Jun 19, 2018","2.35","2.37","2.39","2.35","290.00K","-2.08%"
"Jun 18, 2018","2.40","2.37","2.40","2.37","92.49K","-0.83%"
"Jun 14, 2018","2.42","2.42","2.42","2.42","320.22K","-0.41%"
"Jun 13, 2018","2.43","2.38","2.43","2.38","1.04","3.40%"
"Jun 12, 2018","2.35","2.37","2.38","2.35","931.70K","-1.26%"
"Jun 11, 2018","2.38","2.39","2.39","2.38","808.79K","-0.42%"
"Jun 10, 2018","2.39","2.40","2.40","2.36","589.43K","0.00%"
"Jun 07, 2018","2.39","2.43","2.43","2.39","1.38","-1.24%"
"Jun 06, 2018","2.42","2.48","2.48","2.42","1.59","-2.42%"
"Jun 05, 2018","2.48","2.46","2.48","2.46","886.54K","0.81%"
"Jun 04, 2018","2.46","2.48","2.50","2.46","1.40","-0.40%"
"Jun 03, 2018","2.47","2.48","2.48","2.47","188.40K","-0.40%"
"May 31, 2018","2.48","2.48","2.50","2.48","1.43","-0.80%"
"May 30, 2018","2.50","2.46","2.50","2.45","1.27","1.63%"
"May 29, 2018","2.46","2.49","2.49","2.46","78.91K","-0.81%"
"May 28, 2018","2.48","2.50","2.50","2.47","367.43K","0.81%"
"May 27, 2018","2.46","2.46","2.46","2.45","204.68K","0.00%"
"May 24, 2018","2.46","2.48","2.48","2.46","548.96K","-0.40%"
"May 23, 2018","2.47","2.47","2.50","2.47","346.37K","0.00%"
"May 22, 2018","2.47","2.46","2.50","2.46","65.47K","-0.80%"
"May 21, 2018","2.49","2.48","2.49","2.48","400.95K","-0.40%"
"May 20, 2018","2.50","2.50","2.51","2.48","716.14K","0.00%"
"May 17, 2018","2.50","2.50","2.51","2.48","622.03K","0.00%"
"May 16, 2018","2.50","2.48","2.50","2.45","563.44K","1.21%"
"May 15, 2018","2.47","2.45","2.49","2.45","11.37K","1.23%"
"May 14, 2018","2.44","2.47","2.50","2.44","375.83K","-0.81%"
"May 13, 2018","2.46","2.51","2.51","2.46","136.53K","-1.99%"
"May 10, 2018","2.51","2.48","2.51","2.48","219.07K","0.40%"
"May 09, 2018","2.50","2.52","2.52","2.48","2.76","0.00%"
"May 08, 2018","2.50","2.50","2.50","2.50","199.12K","0.00%"
"May 07, 2018","2.50","2.54","2.54","2.50","666.31K","0.00%"
"May 06, 2018","2.50","2.48","2.51","2.43","1.09","1.21%"
"May 03, 2018","2.47","2.44","2.48","2.43","348.20K","1.23%"
"May 02, 2018","2.44","2.43","2.48","2.43","210.93K","0.41%"
"May 01, 2018","2.43","2.45","2.45","2.43","282.87K","-0.82%"
"Apr 30, 2018","2.45","2.44","2.45","2.42","693.93K","0.82%"
"Apr 29, 2018","2.43","2.46","2.46","2.42","58.31K","-0.41%"
"Apr 26, 2018","2.44","2.44","2.45","2.42","53.78K","0.00%"
"Apr 25, 2018","2.44","2.49","2.49","2.44","973.88K","-0.41%"
"Apr 24, 2018","2.45","2.45","2.45","2.44","1.49","0.00%"
"Apr 23, 2018","2.45","2.50","2.50","2.45","769.11K","-2.00%"
"Apr 22, 2018","2.50","2.45","2.50","2.45","644.87K","1.63%"
"Apr 19, 2018","2.46","2.47","2.49","2.44","473.15K","-0.81%"
"Apr 18, 2018","2.48","2.49","2.49","2.47","185.14K","-0.40%"
"Apr 17, 2018","2.49","2.53","2.53","2.49","1.65","-1.58%"
"Apr 16, 2018","2.53","2.54","2.54","2.50","2.00","1.20%"
"Apr 15, 2018","2.50","2.56","2.60","2.50","3.96","-1.96%"
"Apr 12, 2018","2.55","2.57","2.57","2.55","703.28K","-1.16%"
"Apr 11, 2018","2.58","2.58","2.60","2.58","882.06K","-0.39%"
"Apr 10, 2018","2.59","2.62","2.62","2.59","471.13K","-0.77%"
"Apr 09, 2018","2.61","2.62","2.64","2.58","229.05K","-1.14%"
"Apr 08, 2018","2.64","2.61","2.65","2.61","629.61K","0.38%"
"Apr 05, 2018","2.63","2.63","2.64","2.60","584.11K","-0.38%"
"Apr 04, 2018","2.64","2.62","2.64","2.62","590.19K","2.72%"
"Apr 03, 2018","2.57","2.60","2.60","2.57","611.04K","-1.91%"
"Apr 02, 2018","2.62","2.67","2.67","2.58","2.24","-1.87%"
"Apr 01, 2018","2.67","2.70","2.70","2.64","23.90K","1.14%"
"Mar 29, 2018","2.64","2.68","2.68","2.64","1.99","-1.12%"
"Mar 28, 2018","2.67","2.67","2.70","2.65","3.63","-0.37%"
"Mar 27, 2018","2.68","2.67","2.69","2.67","2.51","0.75%"
"Mar 26, 2018","2.66","2.61","2.66","2.60","3.55","2.31%"
"Mar 25, 2018","2.60","2.56","2.65","2.56","12.29K","-1.14%"
"Mar 22, 2018","2.63","2.62","2.64","2.62","143.80K","-0.75%"
"Mar 21, 2018","2.65","2.61","2.65","2.61","887.36K","1.53%"
"Mar 20, 2018","2.61","2.61","2.63","2.60","2.08","-0.38%"
"Mar 19, 2018","2.62","2.63","2.63","2.61","717.06K","-0.38%"
"Mar 18, 2018","2.63","2.57","2.63","2.57","833.39K","3.14%"
"Mar 15, 2018","2.55","2.63","2.63","2.55","4.01","-2.67%"
"Mar 14, 2018","2.62","2.63","2.64","2.62","325.37K","-0.76%"
"Mar 13, 2018","2.64","2.63","2.64","2.63","423.16K","0.38%"
"Mar 12, 2018","2.63","2.62","2.64","2.62","508.84K","0.00%"
"Mar 11, 2018","2.63","2.63","2.66","2.63","111.72K","-1.13%"
"Mar 08, 2018","2.66","2.64","2.67","2.64","300.62K","0.76%"
"Mar 07, 2018","2.64","2.64","2.64","2.64","18.58K","-0.38%"
"Mar 06, 2018","2.65","2.63","2.65","2.62","3.36","0.76%"
"Mar 05, 2018","2.63","2.64","2.65","2.63","557.95K","-1.50%"
"Mar 04, 2018","2.67","2.65","2.67","2.64","287.85K","0.38%"
"Mar 01, 2018","2.66","2.64","2.66","2.64","77.61K","-1.12%"
"Feb 28, 2018","2.69","2.65","2.69","2.62","2.37","1.51%"
"Feb 27, 2018","2.65","2.66","2.66","2.60","790.19K","-0.75%"
"Feb 26, 2018","2.67","2.68","2.69","2.67","867.82K","-0.74%"
"Feb 25, 2018","2.69","2.69","2.69","2.67","17.01K","0.75%"
"Feb 22, 2018","2.67","2.68","2.69","2.66","188.38K","0.00%"
"Feb 21, 2018","2.67","2.66","2.68","2.66","238.09K","0.75%"
"Feb 20, 2018","2.65","2.66","2.66","2.64","1.78","-0.38%"
"Feb 19, 2018","2.66","2.67","2.70","2.64","414.45K","0.38%"
"Feb 18, 2018","2.65","2.64","2.65","2.64","75.36K","0.38%"
"Feb 15, 2018","2.64","2.66","2.67","2.64","1.83","-0.75%"
"Feb 14, 2018","2.66","2.69","2.70","2.66","284.35K","0.00%"
"Feb 13, 2018","2.66","2.68","2.75","2.66","3.29","-1.48%"
"Feb 12, 2018","2.70","2.64","2.71","2.64","3.05","2.27%"
"Feb 11, 2018","2.64","2.62","2.68","2.60","1.14","-0.38%"
"Feb 08, 2018","2.65","2.65","2.67","2.63","1.23","-0.75%"
"Feb 07, 2018","2.67","2.60","2.69","2.60","9.21","3.09%"
"Feb 06, 2018","2.59","2.60","2.65","2.54","1.10","-2.26%"
"Feb 05, 2018","2.65","2.65","2.66","2.63","1.45","-0.38%"
"Feb 04, 2018","2.66","2.66","2.69","2.66","78.27K","-1.48%"
"Feb 01, 2018","2.70","2.67","2.70","2.67","54.32K","0.37%"
"Jan 31, 2018","2.69","2.70","2.70","2.68","134.33K","0.37%"
"Jan 30, 2018","2.68","2.71","2.71","2.67","3.90","-1.11%"
"Jan 29, 2018","2.71","2.71","2.71","2.69","496.71K","0.00%"
"Jan 28, 2018","2.71","2.72","2.72","2.71","955.59K","0.37%"
"Jan 25, 2018","2.70","2.68","2.74","2.68","4.49","0.37%"
"Jan 24, 2018","2.69","2.72","2.73","2.69","1.71","-1.10%"
"Jan 23, 2018","2.72","2.73","2.74","2.70","1.84","0.37%"
"Jan 22, 2018","2.71","2.70","2.74","2.69","4.85","-0.73%"
"Jan 21, 2018","2.73","2.67","2.75","2.67","8.25","3.02%"
"Jan 18, 2018","2.65","2.62","2.67","2.62","4.55","0.38%"
"Jan 17, 2018","2.64","2.62","2.64","2.61","275.34K","0.00%"
"Jan 16, 2018","2.64","2.64","2.64","2.63","2.37","0.00%"
"Jan 15, 2018","2.64","2.62","2.64","2.60","7.78","0.38%"
"Jan 14, 2018","2.63","2.64","2.64","2.63","115.63K","0.38%"
"Jan 11, 2018","2.62","2.61","2.63","2.61","9.28","0.00%"
"Jan 10, 2018","2.62","2.62","2.62","2.60","12.53","0.00%"
"Jan 09, 2018","2.62","2.62","2.63","2.62","3.76","0.00%"
"Jan 08, 2018","2.62","2.65","2.66","2.61","599.43K","-0.76%"
"Jan 07, 2018","2.64","2.62","2.65","2.62","905.26K","0.76%"
"Jan 04, 2018","2.62","2.62","2.64","2.61","438.00K","-0.76%"
"Jan 03, 2018","2.64","2.60","2.64","2.60","1.16","0.38%"
"Jan 02, 2018","2.63","2.60","2.65","2.60","488.74K","-0.75%"
"Dec 28, 2017","2.65","2.62","2.65","2.57","2.83","1.53%"
"Dec 27, 2017","2.61","2.55","2.61","2.53","7.45","2.35%"
"Dec 26, 2017","2.55","2.56","2.57","2.53","1.67","-0.78%"
"Dec 25, 2017","2.57","2.57","2.59","2.50","2.21","-0.77%"
"Dec 24, 2017","2.59","2.59","2.62","2.55","1.31","0.00%"
"Dec 21, 2017","2.59","2.64","2.67","2.59","9.45","-1.89%"
"Dec 20, 2017","2.64","2.73","2.73","2.64","13.19","-3.30%"
"Dec 19, 2017","2.73","2.75","2.75","2.72","9.37","-0.36%"
"Dec 18, 2017","2.74","2.68","2.76","2.68","15.97","2.62%"
"Dec 17, 2017","2.67","2.65","2.68","2.64","3.89","1.14%"
"Dec 14, 2017","2.64","2.68","2.70","2.61","8.27","-0.38%"
"Dec 13, 2017","2.65","2.90","2.90","2.61","45.58","15.72%"